timestamp,state,district,market,commodity,variety,arrival_date,min_price,max_price,modal_price
1523025126,Assam,Barpeta,Bohorihat,Black Gram (Urd Beans),Black Gram (Whole),06/04/2018,2800.0,3000.0,2900.0
1523025126,Assam,Barpeta,Bohorihat,Corriander seed,Coriander Seed,06/04/2018,3500.0,4000.0,3825.0
1523025126,Assam,Barpeta,Bohorihat,Jute,TD-5,06/04/2018,3200.0,3875.0,3825.0
1523025126,Assam,Barpeta,Bohorihat,Lentil(Masur),Masoor Gola,06/04/2018,3400.0,3600.0,3500.0
1523025126,Assam,Barpeta,Bohorihat,Mustard,Mustard,06/04/2018,3550.0,3650.0,3600.0
